Id,SalePrice
1461,127841.136
1462,153508.92
1463,183987.7
1464,194649.276
1465,202539.722
1466,183899.582
1467,170586.938
1468,177376.38
1469,182031.152
1470,129052.286
1471,207925.76
1472,96975.666
1473,103896.4
1474,152906.774
1475,124119.396
1476,365724.5
1477,249561.626
1478,304431.962
1479,300159.688
1480,412503.516
1481,303324.306
1482,205437.318
1483,191047.25
1484,180019.388
1485,183946.51
1486,201754.814
1487,306596.042
1488,231335.79
1489,210450.258
1490,230109.302
1491,194670.586
1492,104360.5
1493,180010.366
1494,290313.098
1495,274025.474
1496,237866.034
1497,179966.994
1498,159483.01
1499,156854.008
1500,164134.11
1501,171898.126
1502,170260.102
1503,285099.834
1504,231150.114
1505,218401.816
1506,177389.748
1507,245013.666
1508,190969.884
1509,158222.09
1510,149121.15
1511,151618.128
1512,168622.356
1513,147731.61
1514,153696.366
1515,187447.474
1516,154296.574
1517,160040.75
1518,137994.258
1519,224196.242
1520,139717.05
1521,143378.46
1522,163816.104
1523,115408.45
1524,120667.25
1525,128397.214
1526,129842.786
1527,119506.676
1528,125801.466
1529,144812.176
1530,166387.87
1531,144012.054
1532,105327.222
1533,138080.632
1534,121162.898
1535,146608.03
1536,123366.742
1537,107931.906
1538,154926.69
1539,195875.498
1540,122544.53
1541,136647.032
1542,135769.004
1543,178170.068
1544,97623.54
1545,113105.484
1546,133527.988
1547,137247.632
1548,122545.34
1549,119244.77
1550,140772.87
1551,122164.81
1552,152907.57
1553,136606.59
1554,122416.058
1555,171407.34
1556,108605.096
1557,112582.466
1558,108368.84
1559,114035.68
1560,143686.622
1561,145518.216
1562,130106.448
1563,125265.884
1564,165785.988
1565,160984.052
1566,215449.502
1567,94545.166
1568,225709.688
1569,157508.814
1570,146685.022
1571,134025.832
1572,142313.03
1573,234439.564
1574,136126.104
1575,221937.786
1576,245160.896
1577,199362.92
1578,143586.738
1579,147417.59
1580,188376.996
1581,149855.626
1582,126490.5
1583,307450.188
1584,236518.296
1585,140100.92
1586,95934.318
1587,114916.374
1588,146488.822
1589,107089.014
1590,134055.07
1591,101714.008
1592,134879.992
1593,127193.052
1594,134911.254
1595,126224.996
1596,202523.25
1597,171096.192
1598,190028.716
1599,189975.392
1600,192267.856
1601,91472.874
1602,118200.57
1603,112600.908
1604,278596.432
1605,249783.096
1606,168321.704
1607,168149.504
1608,225473.034
1609,198183.508
1610,168557.636
1611,155091.644
1612,190538.66
1613,180107.278
1614,126276.556
1615,97667.35
1616,93653.4
1617,95729.968
1618,125279.786
1619,142728.894
1620,174481.95
1621,147826.284
1622,144160.002
1623,270340.424
1624,229187.182
1625,126882.304
1626,168251.97
1627,188852.65
1628,269529.726
1629,178332.422
1630,308510.188
1631,201581.23
1632,231505.656
1633,180338.888
1634,192185.126
1635,187314.48
1636,171481.308
1637,186654.2
1638,197696.13
1639,181656.582
1640,230002.322
1641,178817.424
1642,237819.214
1643,221247.918
1644,226052.786
1645,187534.43
1646,159670.624
1647,159939.506
1648,143454.84
1649,141764.92
1650,124965.95
1651,122926.998
1652,95761.766
1653,99269.506
1654,155017.874
1655,145645.578
1656,149077.37
1657,153060.394
1658,160163.154
1659,127401.908
1660,163419.778
1661,400630.734
1662,344258.63
1663,360358.346
1664,404332.734
1665,322398.502
1666,336882.29
1667,345563.86
1668,338666.68
1669,294963.94
1670,339806.674
1671,259404.868
1672,406638.396
1673,295170.358
1674,241395.462
1675,197961.144
1676,202430.392
1677,211358.152
1678,403589.692
1679,363946.226
1680,332868.534
1681,266740.282
1682,318484.63
1683,191570.394
1684,179688.304
1685,178748.272
1686,174230.69
1687,178313.244
1688,197484.296
1689,198099.94
1690,189207.148
1691,186455.058
1692,261885.922
1693,180013.792
1694,184153.008
1695,172055.67
1696,263555.336
1697,169525.866
1698,320227.972
1699,305281.176
1700,247691.264
1701,262880.508
1702,249956.356
1703,255267.018
1704,281056.024
1705,238066.482
1706,390950.868
1707,224933.978
1708,212193.568
1709,258025.19
1710,222381.958
1711,275753.042
1712,252171.394
1713,268517.114
1714,214693.994
1715,204183.986
1716,182783.312
1717,168585.184
1718,131461.578
1719,206986.418
1720,243156.332
1721,169384.782
1722,129721.568
1723,162191.624
1724,216576.414
1725,230640.248
1726,197543.944
1727,182660.138
1728,188441.548
1729,166414.906
1730,159305.41
1731,125161.254
1732,132943.708
1733,125206.546
1734,130876.098
1735,138027.196
1736,121949.488
1737,291154.872
1738,221999.806
1739,251846.436
1740,229010.008
1741,202268.16
1742,168232.306
1743,171136.456
1744,283730.868
1745,205557.436
1746,210785.832
1747,204737.68
1748,212147.384
1749,164702.296
1750,140092.762
1751,221051.168
1752,121690.596
1753,150647.426
1754,189117.128
1755,173914.092
1756,127487.704
1757,121692.432
1758,157447.572
1759,161827.864
1760,166353.154
1761,150921.56
1762,184093.79
1763,171565.44
1764,124653.732
1765,172494.88
1766,175329.32
1767,207620.53
1768,145694.954
1769,158630.772
1770,145694.048
1771,135048.55
1772,138551.704
1773,142504.64
1774,151497.074
1775,133560.292
1776,125390.39
1777,118419.15
1778,137617.078
1779,127844.142
1780,166163.562
1781,131084.982
1782,107289.306
1783,142388.634
1784,120683.506
1785,128305.028
1786,165001.996
1787,162776.818
1788,84555.5
1789,108937.6
1790,107319.578
1791,185638.392
1792,148077.414
1793,148681.346
1794,140484.896
1795,135600.976
1796,149180.832
1797,120836.538
1798,130167.808
1799,115916.244
1800,136195.236
1801,128185.034
1802,137606.956
1803,155196.746
1804,145722.08
1805,139964.8
1806,117578.35
1807,132331.918
1808,129213.058
1809,123534.116
1810,147531.458
1811,108317.06
1812,102465.792
1813,119072.076
1814,106059.166
1815,82335.616
1816,110312.4
1817,140068.108
1818,152359.698
1819,137816.186
1820,94700.618
1821,123629.77
1822,150457.516
1823,77725.7
1824,135744.244
1825,142427.886
1826,118526.658
1827,115187.666
1828,130353.7
1829,124477.368
1830,132288.454
1831,145401.95
1832,116840.212
1833,141329.032
1834,137849.162
1835,132091.148
1836,126399.238
1837,108079.674
1838,130980.556
1839,109024.142
1840,163253.772
1841,145505.312
1842,104256.108
1843,146491.318
1844,147952.212
1845,153818.288
1846,156587.64
1847,169552.522
1848,74120.066
1849,122682.904
1850,125698.6
1851,157246.484
1852,131855.118
1853,150071.234
1854,174612.994
1855,176198.788
1856,219745.736
1857,182199.266
1858,144963.778
1859,127719.788
1860,161939.314
1861,126576.812
1862,268554.894
1863,261577.396
1864,261793.396
1865,353919.118
1866,335617.048
1867,235940.848
1868,293960.018
1869,200708.284
1870,230096.156
1871,265429.852
1872,182521.772
1873,227780.106
1874,142130.75
1875,197568.37
1876,196166.056
1877,214879.004
1878,217721.728
1879,135498.084
1880,135700.708
1881,245436.61
1882,251246.03
1883,195594.75
1884,207545.816
1885,244818.136
1886,288932.01
1887,206982.56
1888,271647.13
1889,181645.862
1890,135845.85
1891,144138.274
1892,112579.398
1893,135403.128
1894,130316.28
1895,147711.5
1896,128632.332
1897,132713.288
1898,130623.638
1899,153819.698
1900,142466.582
1901,160897.5
1902,143300.686
1903,192041.65
1904,143366.386
1905,186232.576
1906,151989.956
1907,195969.082
1908,124777.826
1909,142473.338
1910,130225.822
1911,189792.034
1912,268433.222
1913,160074.058
1914,90559.424
1915,329489.0
1916,96669.85
1917,249975.222
1918,139550.066
1919,162388.782
1920,173358.032
1921,366760.31
1922,313554.74
1923,200300.346
1924,225492.772
1925,212490.056
1926,363290.234
1927,138881.916
1928,163852.118
1929,126980.37
1930,147203.716
1931,151986.628
1932,148001.45
1933,188597.538
1934,180388.858
1935,179132.744
1936,190943.324
1937,183372.822
1938,184981.71
1939,245079.184
1940,200115.228
1941,179033.504
1942,190294.59
1943,210702.89
1944,324519.334
1945,369405.506
1946,171149.328
1947,302683.922
1948,170700.086
1949,233773.13
1950,172332.758
1951,247163.81
1952,210907.268
1953,173926.706
1954,191151.886
1955,133377.848
1956,262321.242
1957,162395.756
1958,291545.096
1959,147017.888
1960,120672.094
1961,124302.082
1962,95629.8
1963,102367.866
1964,109474.846
1965,149892.048
1966,142093.59
1967,300651.522
1968,391486.134
1969,369525.34
1970,392183.186
1971,383734.592
1972,345911.534
1973,275864.676
1974,320569.358
1975,410803.768
1976,274327.62
1977,347422.772
1978,336716.144
1979,327952.62
1980,202355.712
1981,338911.238
1982,220575.708
1983,216112.862
1984,169604.604
1985,214273.618
1986,214371.682
1987,186315.388
1988,183118.71
1989,196619.202
1990,218784.93
1991,215301.336
1992,210845.42
1993,177166.226
1994,223075.788
1995,182638.116
1996,260753.816
1997,306512.144
1998,313841.746
1999,258731.254
2000,285784.59
2001,278505.386
2002,247020.39
2003,252074.922
2004,279999.87
2005,228883.68
2006,223544.356
2007,248503.474
2008,209384.544
2009,202533.648
2010,193432.872
2011,138633.708
2012,186842.132
2013,189495.062
2014,196322.776
2015,202502.57
2016,204824.826
2017,198671.966
2018,136174.116
2019,137270.402
2020,115203.1
2021,118929.958
2022,172627.36
2023,151808.484
2024,255003.558
2025,310394.852
2026,185172.692
2027,157395.03
2028,154530.066
2029,171019.302
2030,264897.5
2031,231056.008
2032,251488.76
2033,247737.622
2034,166057.686
2035,202008.396
2036,185651.168
2037,188756.614
2038,269370.33
2039,221398.356
2040,276640.942
2041,252996.626
2042,200239.014
2043,160979.24
2044,174574.294
2045,200369.26
2046,140444.688
2047,150429.258
2048,135325.678
2049,140861.564
2050,173026.22
2051,113892.844
2052,137502.406
2053,143093.118
2054,107512.138
2055,161613.472
2056,149944.682
2057,127936.25
2058,214138.324
2059,144308.6
2060,158588.1
2061,165240.1
2062,136373.266
2063,121517.51
2064,140593.31
2065,119141.52
2066,174930.842
2067,151078.864
2068,141788.282
2069,93388.99
2070,111585.182
2071,115390.008
2072,146482.874
2073,148071.532
2074,172947.138
2075,145539.878
2076,124978.134
2077,146869.924
2078,130936.35
2079,131292.974
2080,117074.298
2081,124287.982
2082,132344.064
2083,135886.174
2084,113446.874
2085,131831.558
2086,133111.35
2087,124638.84
2088,112695.846
2089,98904.868
2090,135053.606
2091,120900.006
2092,127564.022
2093,133012.376
2094,119217.428
2095,145836.4
2096,96385.608
2097,101747.116
2098,141951.198
2099,86442.316
2100,116459.4
2101,122930.368
2102,134850.75
2103,114797.872
2104,132815.024
2105,125985.718
2106,100315.974
2107,191669.386
2108,121142.138
2109,118118.3
2110,136726.76
2111,141317.292
2112,140092.666
2113,122717.508
2114,121506.614
2115,147949.994
2116,124096.752
2117,140243.922
2118,127530.31
2119,114133.63
2120,124131.534
2121,109489.904
2122,116724.484
2123,105527.898
2124,157366.202
2125,131923.906
2126,150271.938
2127,137907.986
2128,133196.872
2129,111477.576
2130,136469.644
2131,156902.926
2132,117367.998
2133,123922.918
2134,130111.8
2135,115971.528
2136,101808.94
2137,124880.516
2138,141556.642
2139,154337.074
2140,138035.95
2141,152825.936
2142,139865.294
2143,144970.96
2144,137856.272
2145,137825.65
2146,160462.278
2147,165072.088
2148,134491.68
2149,154937.736
2150,197655.824
2151,124009.7
2152,163839.184
2153,163944.088
2154,109710.414
2155,139776.224
2156,252310.884
2157,232333.204
2158,234333.362
2159,208830.11
2160,181237.034
2161,243999.314
2162,363304.03
2163,358407.076
2164,257066.43
2165,189549.976
2166,143854.742
2167,209579.198
2168,205983.736
2169,198839.842
2170,213969.634
2171,149230.99
2172,144136.356
2173,157523.284
2174,228338.968
2175,276759.792
2176,320968.52
2177,241515.468
2178,222198.562
2179,145104.53
2180,227602.488
2181,199462.694
2182,226989.816
2183,200291.488
2184,131300.0
2185,142513.884
2186,143751.724
2187,155350.134
2188,157615.144
2189,230991.826
2190,89994.602
2191,91083.108
2192,98522.55
2193,113362.886
2194,105370.532
2195,120749.45
2196,122626.692
2197,122849.31
2198,149580.61
2199,170274.378
2200,144616.496
2201,141403.666
2202,182654.986
2203,165739.254
2204,172887.19
2205,120196.758
2206,140546.296
2207,207239.3
2208,211316.362
2209,202045.418
2210,129030.02
2211,117129.478
2212,118243.606
2213,104689.084
2214,151238.284
2215,112979.99
2216,145169.744
2217,103063.476
2218,105894.652
2219,96825.702
2220,110071.69
2221,333929.388
2222,273936.212
2223,284113.78
2224,224037.4
2225,143337.854
2226,205717.374
2227,199577.96
2228,283083.656
2229,242473.324
2230,166230.504
2231,223430.464
2232,185670.354
2233,189996.604
2234,243517.796
2235,233321.356
2236,267595.468
2237,333660.864
2238,208591.494
2239,117386.184
2240,167176.04
2241,162058.722
2242,135717.286
2243,134024.128
2244,106047.714
2245,108250.966
2246,144417.96
2247,111936.178
2248,125200.082
2249,128689.82
2250,135807.5
2251,140548.784
2252,175771.326
2253,171939.022
2254,176743.764
2255,186918.098
2256,183173.978
2257,203835.514
2258,175275.956
2259,181292.444
2260,159928.086
2261,186515.41
2262,213652.57
2263,339589.01
2264,387316.334
2265,166081.562
2266,277348.448
2267,340467.442
2268,365673.208
2269,155411.248
2270,190689.158
2271,211782.366
2272,206024.544
2273,168228.15
2274,177377.732
2275,173865.826
2276,179106.222
2277,183079.772
2278,143402.634
2279,135513.882
2280,119695.7
2281,190397.196
2282,197928.446
2283,101247.708
2284,125367.134
2285,136178.482
2286,127754.8
2287,356896.164
2288,277700.48
2289,340139.14
2290,395706.376
2291,332059.548
2292,389711.618
2293,412494.832
2294,363486.476
2295,409898.582
2296,260157.188
2297,331188.862
2298,336277.514
2299,334827.158
2300,317515.836
2301,312941.854
2302,242856.098
2303,235446.35
2304,240290.094
2305,194795.586
2306,198567.122
2307,194185.004
2308,217459.374
2309,279007.216
2310,218938.442
2311,203587.822
2312,181846.312
2313,178408.708
2314,183085.09
2315,180049.236
2316,203904.564
2317,189328.88
2318,184062.964
2319,180366.424
2320,184479.212
2321,235456.542
2322,175481.396
2323,185724.302
2324,185114.21
2325,211477.55
2326,183303.89
2327,209972.502
2328,219301.99
2329,184421.638
2330,179321.664
2331,329645.88
2332,335189.774
2333,295119.992
2334,262071.56
2335,267990.542
2336,303434.186
2337,205023.024
2338,268627.814
2339,229683.892
2340,377198.352
2341,219487.966
2342,224858.794
2343,220974.022
2344,224719.53
2345,229853.592
2346,218024.91
2347,207607.574
2348,230371.364
2349,188126.28
2350,302557.886
2351,265165.71
2352,250955.924
2353,274041.126
2354,130751.066
2355,142152.322
2356,161152.654
2357,202333.296
2358,202932.128
2359,132898.698
2360,124261.05
2361,138645.328
2362,250941.734
2363,139742.09
2364,164384.37
2365,217235.114
2366,197899.64
2367,216397.1
2368,214652.094
2369,213951.248
2370,170949.872
2371,169240.936
2372,188025.998
2373,252124.018
2374,277374.876
2375,241413.002
2376,257918.242
2377,296027.536
2378,148278.76
2379,192453.186
2380,148252.362
2381,161928.734
2382,187761.012
2383,205277.1
2384,236041.708
2385,160634.602
2386,139898.4
2387,138219.458
2388,114437.222
2389,141298.452
2390,150643.414
2391,143030.168
2392,118920.9
2393,160175.926
2394,149674.8
2395,193440.69
2396,150795.45
2397,194124.602
2398,133119.54
2399,77568.75
2400,76333.9
2401,118260.1
2402,137496.178
2403,135548.092
2404,158905.652
2405,161742.374
2406,134673.086
2407,131002.446
2408,141581.9
2409,140994.9
2410,162000.41
2411,123702.566
2412,153913.796
2413,135961.95
2414,140225.756
2415,134501.224
2416,123033.65
2417,130058.382
2418,128339.652
2419,132759.378
2420,131897.332
2421,147717.534
2422,123295.45
2423,124795.316
2424,150826.45
2425,216994.02
2426,134917.078
2427,134579.926
2428,166513.046
2429,121391.3
2430,131023.734
2431,133702.456
2432,138884.55
2433,145816.25
2434,140218.15
2435,151562.94
2436,116585.708
2437,114282.666
2438,134714.852
2439,121545.986
2440,121057.444
2441,108241.88
2442,114449.716
2443,128016.792
2444,140466.608
2445,100124.656
2446,137137.932
2447,186232.282
2448,152272.634
2449,116947.566
2450,141928.518
2451,142956.736
2452,188519.962
2453,105155.066
2454,142862.064
2455,121513.33
2456,126264.546
2457,123657.87
2458,130821.608
2459,114877.018
2460,139145.434
2461,122341.408
2462,130848.786
2463,117851.926
2464,159529.694
2465,133745.66
2466,123823.106
2467,147342.726
2468,104396.544
2469,102214.146
2470,180872.744
2471,180334.594
2472,163768.208
2473,123152.94
2474,113783.45
2475,192259.628
2476,112680.608
2477,131453.228
2478,157065.856
2479,125264.94
2480,160343.736
2481,135525.164
2482,134867.83
2483,123115.862
2484,130176.236
2485,130575.35
2486,157457.292
2487,212134.536
2488,146195.032
2489,155945.968
2490,151182.148
2491,102846.578
2492,187454.956
2493,163872.526
2494,160427.52
2495,111657.996
2496,219248.548
2497,140314.29
2498,117703.206
2499,105089.77
2500,141076.124
2501,133549.606
2502,137716.974
2503,112762.61
2504,179935.208
2505,221499.476
2506,256697.374
2507,292267.132
2508,254084.456
2509,224851.728
2510,224851.268
2511,187267.426
2512,210092.476
2513,222496.226
2514,240089.794
2515,152153.838
2516,182874.438
2517,138882.39
2518,150704.962
2519,229615.908
2520,212340.596
2521,196094.978
2522,221458.626
2523,132812.148
2524,145856.742
2525,145072.722
2526,137489.212
2527,127272.728
2528,131355.072
2529,137504.994
2530,128049.07
2531,240992.56
2532,224874.954
2533,201020.344
2534,238978.644
2535,272872.694
2536,233032.408
2537,229187.472
2538,186345.028
2539,190474.59
2540,185539.002
2541,182124.802
2542,178168.884
2543,140663.534
2544,126514.67
2545,143374.862
2546,142762.0
2547,143393.198
2548,157072.598
2549,165974.33
2550,356555.812
2551,152602.728
2552,126442.29
2553,91943.34
2554,114197.096
2555,121990.076
2556,112635.982
2557,121660.606
2558,145654.668
2559,132417.686
2560,139213.986
2561,140595.738
2562,134628.688
2563,147784.584
2564,172109.164
2565,151551.694
2566,161217.704
2567,131165.94
2568,184482.028
2569,191935.37
2570,128414.406
2571,198936.768
2572,157835.228
2573,207437.784
2574,254677.31
2575,127169.768
2576,119643.13
2577,149483.062
2578,101748.208
2579,96670.306
2580,127259.352
2581,131756.812
2582,126689.996
2583,267804.57
2584,171603.684
2585,214168.552
2586,219876.92
2587,195733.842
2588,141302.254
2589,147621.754
2590,211356.886
2591,203138.302
2592,220375.462
2593,259786.856
2594,166389.38
2595,206252.374
2596,312018.616
2597,205011.708
2598,258085.616
2599,333208.64
2600,169901.75
2601,158949.12
2602,94247.018
2603,103262.424
2604,98263.788
2605,104687.904
2606,162056.528
2607,187074.238
2608,194826.358
2609,164436.176
2610,109546.222
2611,141223.816
2612,153200.126
2613,131900.72
2614,125684.044
2615,148066.964
2616,147091.966
2617,183720.608
2618,207165.754
2619,196489.732
2620,183721.264
2621,184337.282
2622,185263.026
2623,244101.56
2624,290082.168
2625,271595.606
2626,172739.292
2627,163875.988
2628,380535.894
2629,398071.896
2630,326930.488
2631,400071.502
2632,350567.808
2633,297813.078
2634,372730.616
2635,159323.56
2636,186005.8
2637,182837.668
2638,247549.72
2639,182644.01
2640,152480.2
2641,117022.532
2642,200566.038
2643,109535.98
2644,140432.582
2645,104482.75
2646,92943.9
2647,104394.116
2648,146314.434
2649,142758.932
2650,135082.65
2651,151937.73
2652,369352.868
2653,250833.78
2654,272326.812
2655,368892.988
2656,318917.504
2657,317149.774
2658,284884.652
2659,293525.42
2660,342183.108
2661,347105.446
2662,346951.862
2663,269121.24
2664,281942.292
2665,314692.056
2666,280190.646
2667,174576.014
2668,181660.394
2669,185650.562
2670,277849.362
2671,184800.584
2672,188336.654
2673,205070.388
2674,203260.93
2675,174652.29
2676,192330.28
2677,194929.474
2678,243141.002
2679,274078.21
2680,274659.148
2681,350077.81
2682,299281.284
2683,432277.05
2684,300452.902
2685,303837.146
2686,260811.63
2687,310326.338
2688,218948.004
2689,207385.712
2690,370289.846
2691,198105.976
2692,132777.454
2693,203298.994
2694,133716.886
2695,192897.924
2696,186216.72
2697,196289.844
2698,200985.884
2699,188276.864
2700,179362.58
2701,174873.21
2702,129812.58
2703,138549.314
2704,145708.192
2705,128350.552
2706,122399.406
2707,131215.078
2708,134729.732
2709,104501.474
2710,129202.74
2711,255511.698
2712,335777.116
2713,184870.564
2714,149533.41
2715,168015.446
2716,167550.084
2717,197078.318
2718,228175.64
2719,159584.518
2720,161956.95
2721,141130.11
2722,166898.63
2723,152806.67
2724,134906.234
2725,136549.9
2726,144387.75
2727,178011.894
2728,168297.71
2729,159971.76
2730,140850.95
2731,124693.748
2732,127287.72
2733,157062.438
2734,157344.968
2735,135000.578
2736,153982.594
2737,123028.116
2738,137535.434
2739,164164.814
2740,141512.93
2741,152083.982
2742,158411.466
2743,150893.75
2744,150543.766
2745,139433.354
2746,134252.05
2747,156211.148
2748,131657.246
2749,134084.536
2750,136488.6
2751,133705.608
2752,206242.58
2753,147234.03
2754,227216.958
2755,128524.148
2756,112443.006
2757,95549.848
2758,109426.05
2759,154440.516
2760,149062.504
2761,149251.23
2762,144147.928
2763,179048.78
2764,167031.736
2765,231673.046
2766,131570.562
2767,92168.628
2768,130063.402
2769,133683.4
2770,138160.03
2771,119976.262
2772,115508.478
2773,165282.636
2774,131631.114
2775,133354.244
2776,131742.168
2777,139458.448
2778,117092.548
2779,143437.664
2780,106873.098
2781,106935.698
2782,109603.302
2783,112770.836
2784,124016.38
2785,138710.088
2786,95010.1
2787,117856.558
2788,100202.806
2789,164057.838
2790,103425.468
2791,126900.504
2792,80066.48
2793,160704.86
2794,115945.856
2795,119490.062
2796,105244.96
2797,186196.456
2798,117689.032
2799,125247.184
2800,86554.058
2801,114958.01
2802,135249.226
2803,155702.794
2804,146143.98
2805,108089.412
2806,104196.246
2807,150857.288
2808,153812.6
2809,134362.52
2810,135187.644
2811,162150.178
2812,148853.766
2813,169721.23
2814,160370.602
2815,118796.826
2816,208773.8
2817,165497.282
2818,133775.048
2819,171581.898
2820,150602.314
2821,120509.362
2822,192255.32
2823,259400.48
2824,185164.894
2825,159426.99
2826,136125.108
2827,136213.526
2828,243248.104
2829,201368.766
2830,229098.652
2831,195211.686
2832,253998.642
2833,300314.266
2834,215464.098
2835,221673.546
2836,200307.154
2837,164940.084
2838,152818.772
2839,194057.964
2840,189239.306
2841,202354.886
2842,225944.238
2843,148133.692
2844,154801.286
2845,122327.206
2846,209516.574
2847,201118.498
2848,212905.558
2849,205197.358
2850,274270.63
2851,225246.8
2852,234069.536
2853,239145.836
2854,140389.56
2855,205454.336
2856,208299.746
2857,186707.278
2858,200576.628
2859,143458.266
2860,128074.0
2861,138383.884
2862,205096.212
2863,126790.914
2864,250104.784
2865,145750.476
2866,135241.38
2867,111139.2
2868,122535.426
2869,120521.776
2870,154605.792
2871,104978.208
2872,81385.382
2873,114982.622
2874,131448.33
2875,117299.23
2876,156121.7
2877,140972.832
2878,162661.45
2879,141864.374
2880,107448.32
2881,151885.036
2882,165433.53
2883,172933.402
2884,189975.296
2885,171996.41
2886,195720.828
2887,106667.558
2888,128129.05
2889,73828.508
2890,101031.266
2891,136478.304
2892,77199.214
2893,106991.17
2894,81527.1
2895,309629.752
2896,283663.652
2897,196647.552
2898,150965.918
2899,220639.646
2900,156060.258
2901,193527.096
2902,195858.872
2903,332162.364
2904,336886.528
2905,123221.982
2906,202402.196
2907,124900.632
2908,130279.968
2909,149746.376
2910,87175.4
2911,94991.742
2912,157452.46
2913,97051.268
2914,91822.174
2915,92375.974
2916,97054.436
2917,165351.534
2918,120296.62
2919,222049.978
